Name,Address,Neighborhood,City,State,Type,Website,Day pass ($),Notes,Price source,Confidence,Status,Latitude,Longitude
Brooklyn Boulders Queensbridge,"23-10 41st Ave, Long Island City, NY 11101",Long Island City,Queens,NY,both,https://qb.brooklynboulders.com/,34,Student $29. Gear extra.,https://qb.brooklynboulders.com/products/day-pass,high,open,40.7525859,-73.9401946
Movement LIC,"11-11 44th Dr, Long Island City, NY 11101",Long Island City,Queens,NY,both,https://movementgyms.com/lic,37,Gear extra. Formerly The Cliffs at LIC.,https://movementgyms.com/lic,high,open,40.7486610,-73.9487740
Movement Gowanus,"242 Butler St, Brooklyn, NY 11217",Gowanus,Brooklyn,NY,both,https://movementgyms.com/gowanus,37,Gear extra. Formerly The Cliffs at Gowanus.,https://movementgyms.com/gowanus,high,open,40.6814293,-73.9854375
Movement Harlem,"256 W 125th St, New York, NY 10027",Harlem,New York,NY,bouldering,https://movementgyms.com/harlem,32,Gear extra. Formerly The Cliffs at Harlem.,https://movementgyms.com/harlem,high,open,40.8096064,-73.9502428
Bouldering Project - Gowanus,"575 Degraw St, Brooklyn, NY 11217",Gowanus,Brooklyn,NY,bouldering,https://boulderingproject.com/location/gowanus/,32,Rental shoes free on first visit. Former Brooklyn Boulders Gowanus.,https://boulderingproject.com/gowanus-pricing-membership/,high,open,40.6798190,-73.9840820
VITAL Climbing Gym - Brooklyn,"221 N 14th St, Brooklyn, NY 11249",Williamsburg,Brooklyn,NY,bouldering,https://vitalclimbinggym.com/brooklyn,38,Plus tax. Rooftop bouldering.,https://vitalclimbinggym.com/brooklyn,high,open,40.7227933,-73.9547725
VITAL Climbing Gym - Lower East Side,"182 Broome St, New York, NY 10002",Lower East Side,New York,NY,bouldering,https://vitalclimbinggym.com/lower-east-side,38,Plus tax.,https://vitalclimbinggym.com/lower-east-side,high,open,40.7170894,-73.9863378
VITAL Climbing Gym - West Harlem,"3225 Broadway, New York, NY 10027",West Harlem,New York,NY,bouldering,https://www.vitalclimbinggym.com/wh-ues,28,Plus tax. Shares pricing with VITAL Upper East.,https://www.vitalclimbinggym.com/wh-ues,high,open,40.8165990,-73.9577467
VITAL Climbing Gym - Upper East,"1506 Lexington Ave, New York, NY 10029",East Harlem,New York,NY,bouldering,https://www.vitalclimbinggym.com/wh-ues,28,Plus tax. Shorter public hours.,https://www.vitalclimbinggym.com/wh-ues,high,open,40.7868022,-73.9504826
Central Rock Gym - Manhattan,"21 West End Ave, New York, NY 10069",Upper West Side,New York,NY,both,https://centralrockgym.com/manhattan/,35,Price from search snippet; official page loads it in a widget. Bouldering + auto-belay.,https://centralrockgym.com/manhattan/pricing/day-use/,medium,open,40.7727974,-73.9902844
Central Rock Gym - Chelsea,"537 W 27th St, New York, NY 10001",Chelsea,New York,NY,bouldering,https://centralrockgym.com/chelsea/,35,Price from search snippet; official page loads it in a widget.,https://centralrockgym.com/chelsea/pricing/day-use/,medium,open,40.7511512,-74.0040704
MetroRock Bushwick,"321 Starr St, Brooklyn, NY 11237",Bushwick,Brooklyn,NY,both,https://bushwick.metrorock.com/,32,Discount pass $27. Gear extra.,https://bushwick.metrorock.com/bushwick-rates,high,open,40.7078480,-73.9205570
GP81,"379 Jefferson St, Brooklyn, NY 11237",Bushwick,Brooklyn,NY,bouldering,https://www.gp-81.com/,30,Day pass credited toward membership if you join same day.,https://www.gp-81.com/,high,open,40.7064154,-73.9243286
Brooklyn Uprising (BK UP),"20 John St, Brooklyn, NY 11201",DUMBO,Brooklyn,NY,bouldering,https://www.bkup.nyc/location,35,"Plus tax. Includes co-working, lifting, sauna. Opened 2026.",https://www.bkup.nyc/pricing,high,open,40.7045386,-73.9881533
Manhattan Plaza Health Club Climbing Gym,"482 W 43rd St, New York, NY 10036",Hell's Kitchen,New York,NY,both,https://mphc.com/,,"Closed Sept 30, 2026 after 34 years. Opened 1992 in a former racquetball court; per the club, NYC's first commercial climbing gym. Bouldering, top rope and lead. Memorial page: /mphc.",https://mphc.com/climbing-gym-closure-september-30/,high,closed,40.7599470,-73.9947283
